Название,Цена (руб),Артикул,Наличие,Ссылка
Mooer MSC20 Pro Amber Brown,27990.00 руб,98752,В наличии,https://mirm.ru/catalog/products/mooer_msc20_pro_amber_brown
Mooer MSC10 Pro Black,18990.00 руб,98644,В наличии,https://mirm.ru/catalog/products/mooer_msc10_pro_black
Mooer MSC10 Pro Surf Green,18990.00 руб,98683,В наличии,https://mirm.ru/catalog/products/mooer_msc10_pro_surf_green
Mooer MSC10 Pro Sunburst,18990.00 руб,98647,В наличии,https://mirm.ru/catalog/products/mooer_msc10_pro_sunburst
Mooer MSC20 Pro Black Burst,27990.00 руб,98750,В наличии,https://mirm.ru/catalog/products/mooer_msc20_pro_black_burst
Mooer MSC20 Pro Ocean Blue,27990.00 руб,98749,В наличии,https://mirm.ru/catalog/products/mooer_msc20_pro_ocean_blue
Mooer MSC10 Pro C Black,18990.00 руб,98686,В наличии,https://mirm.ru/catalog/products/mooer_msc10_pro_c_black
Mooer MSC10 Pro Daphne Blue,18990.00 руб,98685,В наличии,https://mirm.ru/catalog/products/mooer_msc10_pro_daphne_blue
Mooer MSC10 Pro Dark Silver,19990.00 руб,98684,В наличии,https://mirm.ru/catalog/products/mooer_msc10_pro_dark_silver
Mooer MSC12 Pro Iron Silver,21990.00 руб,99275,В наличии,https://mirm.ru/catalog/products/mooer_msc12_pro_iron_silver
Mooer MSC11 Pro Black,21990.00 руб,99274,В наличии,https://mirm.ru/catalog/products/mooer_msc11_pro_black
Mooer MSC11 Pro Polar White,21990.00 руб,99273,В наличии,https://mirm.ru/catalog/products/mooer_msc11_pro_polar_white
Omni JM-20 BK,21990.00 руб,97535,В наличии,https://mirm.ru/catalog/products/omni_jm_20_bk
Omni S10-ST WH,16990.00 руб,97533,В наличии,https://mirm.ru/catalog/products/omni_s10_st_wh
Omni S10-ST BK,16990.00 руб,97532,В наличии,https://mirm.ru/catalog/products/omni_s10_st_bk
Cort X100-OPBC,17990.00 руб,94080,В наличии,https://mirm.ru/catalog/products/cort_x100_opbc
Cort X100-OPBK,17990.00 руб,99133,В наличии,https://mirm.ru/catalog/products/cort_x100_opbk
Cort X100-OPBB,17990.00 руб,99132,В наличии,https://mirm.ru/catalog/products/cort_x100_opbb
Sire L3 P90 TVY,44990.00 руб,97077,В наличии,https://mirm.ru/catalog/products/sire_l3_p90_tvy
Donner Hush-X Sunburst,27990.00 руб,98966,В наличии,https://mirm.ru/catalog/products/donner_hush_x_sunburst
Cort KX100-BKM,23990.00 руб,94081,В наличии,https://mirm.ru/catalog/products/cort_kx100_bkm
Cort KX100-IO,23990.00 руб,97448,В наличии,https://mirm.ru/catalog/products/cort_kx100_io
Mooer GTRS M800 Pearl Black,63990.00 руб,96593,В наличии,https://mirm.ru/catalog/products/mooer_gtrs_m800_pearl_black
Sire S3 TS,29990.00 руб,95203,В наличии,https://mirm.ru/catalog/products/sire_s3_ts
Sire S3 BK,29990.00 руб,95202,В наличии,https://mirm.ru/catalog/products/sire_s3_bk
Sire S3 VWH,29990.00 руб,95204,В наличии,https://mirm.ru/catalog/products/sire_s3_vwh
Sire T3 TS,29990.00 руб,95214,В наличии,https://mirm.ru/catalog/products/sire_t3_ts
Mooer GTRS S800 Aurora Blue,39990.00 руб,95976,В наличии,https://mirm.ru/catalog/products/mooer_gtrs_s800_aurora_blue
Solar AB2.7C,73990.00 руб,93486,В наличии,https://mirm.ru/catalog/products/solar_ab2_7c
S by Solar AB4.6C LH,23990.00 руб,95546,В наличии,https://mirm.ru/catalog/products/s_by_solar_ab4_6c_lh
S by Solar AB4.7W,28990.00 руб,95548,В наличии,https://mirm.ru/catalog/products/s_by_solar_ab4_7w
S by Solar TB4.61W,22990.00 руб,95550,В наличии,https://mirm.ru/catalog/products/s_by_solar_tb4_61w
Mooer GTRS S800 Blue,49990.00 руб,94264,В наличии,https://mirm.ru/catalog/products/mooer_gtrs_s800_blue
Mooer GTRS S801 Gold,49990.00 руб,94262,В наличии,https://mirm.ru/catalog/products/mooer_gtrs_s801_gold
S by Solar VB4.6W,29990.00 руб,95549,В наличии,https://mirm.ru/catalog/products/s_by_solar_vb4_6w
S by Solar AB4.7C,28990.00 руб,93391,В наличии,https://mirm.ru/catalog/products/s_by_solar_ab4_7c
S by Solar TB4.61C,22990.00 руб,93397,В наличии,https://mirm.ru/catalog/products/s_by_solar_tb4_61c
S by Solar EB4.6W,29990.00 руб,93396,В наличии,https://mirm.ru/catalog/products/s_by_solar_eb4_6w
S by Solar EB4.6C,29990.00 руб,93395,В наличии,https://mirm.ru/catalog/products/s_by_solar_eb4_6c
S by Solar VB4.6C,29990.00 руб,93394,В наличии,https://mirm.ru/catalog/products/s_by_solar_vb4_6c
S by Solar SB4.6FRFBR,36990.00 руб,93393,В наличии,https://mirm.ru/catalog/products/s_by_solar_sb4_6frfbr
S by Solar SB4.6FRFBL,36990.00 руб,93392,В наличии,https://mirm.ru/catalog/products/s_by_solar_sb4_6frfbl
S by Solar AB4.6W,22990.00 руб,93390,В наличии,https://mirm.ru/catalog/products/s_by_solar_ab4_6w
S by Solar AB4.6C,22990.00 руб,93389,В наличии,https://mirm.ru/catalog/products/s_by_solar_ab4_6c
Sire S7 TS,44990.00 руб,91091,В наличии,https://mirm.ru/catalog/products/sire_s7_ts
Sire T7 FM NT,69990.00 руб,91099,В наличии,https://mirm.ru/catalog/products/sire_t7_fm_nt
NF Guitars SB-22 (L-G1) 3TS,6990.00 руб,92709,В наличии,https://mirm.ru/catalog/products/nf_guitars_sb_22_l_g1_3ts
NF Guitars SB-22 (L-G1) BL,6990.00 руб,92708,В наличии,https://mirm.ru/catalog/products/nf_guitars_sb_22_l_g1_bl
NF Guitars SB-22 (L-G1) BK,6990.00 руб,92705,В наличии,https://mirm.ru/catalog/products/nf_guitars_sb_22_l_g1_bk
NF Guitars GR-22 (L-G3) MBL,8990.00 руб,92710,В наличии,https://mirm.ru/catalog/products/nf_guitars_gr_22_l_g3_mbl
Fernandes LE-1Z HH CW,24990.00 руб,90781,В наличии,https://mirm.ru/catalog/products/fernandes_le_1z_hh_cw
Fernandes LE-1Z HH BLK,24990.00 руб,90782,В наличии,https://mirm.ru/catalog/products/fernandes_le_1z_hh_blk
Mooer GTRS S800 White,49990.00 руб,90366,В наличии,https://mirm.ru/catalog/products/mooer_gtrs_s800_white
Solar T2.6W,99990.00 руб,90074,В наличии,https://mirm.ru/catalog/products/solar_t2_6w
Fernandes LE-1Z 3S CW/ L,19990.00 руб,75825,В наличии,https://mirm.ru/catalog/products/fernandes_le_1z_3s_cw_l
Fernandes LE-1Z 3S BLK/ L,19990.00 руб,75823,В наличии,https://mirm.ru/catalog/products/fernandes_le_1z_3s_blk_l
Solar A2.6C,95990.00 руб,72998,В наличии,https://mirm.ru/catalog/products/solar_a2_6c
Fernandes LE-1Z 3S 2SB/ M,19990.00 руб,3I1C6,В наличии,https://mirm.ru/catalog/products/fernandes_le_1z_3s_2sb_m
Yamaha PACIFICA 012 DBM,31990.00 руб,3I087,В наличии,https://mirm.ru/catalog/products/yamaha_pacifica_012_dbm
Fernandes RXX06 SW,29990.00 руб,3I167,В наличии,https://mirm.ru/catalog/products/fernandes_rxx06_sw
Yamaha PACIFICA 012 BL,31990.00 руб,3I056,В наличии,https://mirm.ru/catalog/products/yamaha_pacifica_012_bl
Fernandes LE-1Z 3S CAR/ L,19990.00 руб,75824,В наличии,https://mirm.ru/catalog/products/fernandes_le_1z_3s_car_l
Fernandes LE-1Z 3S 3SB/ L,19990.00 руб,75822,В наличии,https://mirm.ru/catalog/products/fernandes_le_1z_3s_3sb_l
Cort KX100-IO,23990.00 руб,97448,В наличии,https://mirm.ru/catalog/products/cort_kx100_io
Mooer GTRS M800 Pearl Black,63990.00 руб,96593,В наличии,https://mirm.ru/catalog/products/mooer_gtrs_m800_pearl_black
Sire S3 TS,29990.00 руб,95203,В наличии,https://mirm.ru/catalog/products/sire_s3_ts
Sire S3 BK,29990.00 руб,95202,В наличии,https://mirm.ru/catalog/products/sire_s3_bk
Sire S3 VWH,29990.00 руб,95204,В наличии,https://mirm.ru/catalog/products/sire_s3_vwh
Sire T3 TS,29990.00 руб,95214,В наличии,https://mirm.ru/catalog/products/sire_t3_ts
Mooer GTRS S800 Aurora Blue,39990.00 руб,95976,В наличии,https://mirm.ru/catalog/products/mooer_gtrs_s800_aurora_blue
Solar AB2.7C,73990.00 руб,93486,В наличии,https://mirm.ru/catalog/products/solar_ab2_7c
S by Solar AB4.6C LH,23990.00 руб,95546,В наличии,https://mirm.ru/catalog/products/s_by_solar_ab4_6c_lh
S by Solar AB4.7W,28990.00 руб,95548,В наличии,https://mirm.ru/catalog/products/s_by_solar_ab4_7w
S by Solar TB4.61W,22990.00 руб,95550,В наличии,https://mirm.ru/catalog/products/s_by_solar_tb4_61w
Mooer GTRS S800 Blue,49990.00 руб,94264,В наличии,https://mirm.ru/catalog/products/mooer_gtrs_s800_blue
Mooer GTRS S801 Gold,49990.00 руб,94262,В наличии,https://mirm.ru/catalog/products/mooer_gtrs_s801_gold
S by Solar VB4.6W,29990.00 руб,95549,В наличии,https://mirm.ru/catalog/products/s_by_solar_vb4_6w
S by Solar AB4.7C,28990.00 руб,93391,В наличии,https://mirm.ru/catalog/products/s_by_solar_ab4_7c
S by Solar TB4.61C,22990.00 руб,93397,В наличии,https://mirm.ru/catalog/products/s_by_solar_tb4_61c
S by Solar EB4.6W,29990.00 руб,93396,В наличии,https://mirm.ru/catalog/products/s_by_solar_eb4_6w
S by Solar EB4.6C,29990.00 руб,93395,В наличии,https://mirm.ru/catalog/products/s_by_solar_eb4_6c
S by Solar VB4.6C,29990.00 руб,93394,В наличии,https://mirm.ru/catalog/products/s_by_solar_vb4_6c
S by Solar SB4.6FRFBR,36990.00 руб,93393,В наличии,https://mirm.ru/catalog/products/s_by_solar_sb4_6frfbr
S by Solar SB4.6FRFBL,36990.00 руб,93392,В наличии,https://mirm.ru/catalog/products/s_by_solar_sb4_6frfbl
S by Solar AB4.6W,22990.00 руб,93390,В наличии,https://mirm.ru/catalog/products/s_by_solar_ab4_6w
S by Solar AB4.6C,22990.00 руб,93389,В наличии,https://mirm.ru/catalog/products/s_by_solar_ab4_6c
Sire S7 TS,44990.00 руб,91091,В наличии,https://mirm.ru/catalog/products/sire_s7_ts
Sire T7 FM NT,69990.00 руб,91099,В наличии,https://mirm.ru/catalog/products/sire_t7_fm_nt
NF Guitars SB-22 (L-G1) 3TS,6990.00 руб,92709,В наличии,https://mirm.ru/catalog/products/nf_guitars_sb_22_l_g1_3ts
NF Guitars SB-22 (L-G1) BL,6990.00 руб,92708,В наличии,https://mirm.ru/catalog/products/nf_guitars_sb_22_l_g1_bl
NF Guitars SB-22 (L-G1) BK,6990.00 руб,92705,В наличии,https://mirm.ru/catalog/products/nf_guitars_sb_22_l_g1_bk
NF Guitars GR-22 (L-G3) MBL,8990.00 руб,92710,В наличии,https://mirm.ru/catalog/products/nf_guitars_gr_22_l_g3_mbl
Fernandes LE-1Z HH CW,24990.00 руб,90781,В наличии,https://mirm.ru/catalog/products/fernandes_le_1z_hh_cw
Fernandes LE-1Z HH BLK,24990.00 руб,90782,В наличии,https://mirm.ru/catalog/products/fernandes_le_1z_hh_blk
Mooer GTRS S800 White,49990.00 руб,90366,В наличии,https://mirm.ru/catalog/products/mooer_gtrs_s800_white
Solar T2.6W,99990.00 руб,90074,В наличии,https://mirm.ru/catalog/products/solar_t2_6w
Fernandes LE-1Z 3S CW/ L,19990.00 руб,75825,В наличии,https://mirm.ru/catalog/products/fernandes_le_1z_3s_cw_l
Fernandes LE-1Z 3S BLK/ L,19990.00 руб,75823,В наличии,https://mirm.ru/catalog/products/fernandes_le_1z_3s_blk_l
Solar A2.6C,95990.00 руб,72998,В наличии,https://mirm.ru/catalog/products/solar_a2_6c
Fernandes LE-1Z 3S 2SB/ M,19990.00 руб,3I1C6,В наличии,https://mirm.ru/catalog/products/fernandes_le_1z_3s_2sb_m
Yamaha PACIFICA 012 DBM,31990.00 руб,3I087,В наличии,https://mirm.ru/catalog/products/yamaha_pacifica_012_dbm
Fernandes RXX06 SW,29990.00 руб,3I167,В наличии,https://mirm.ru/catalog/products/fernandes_rxx06_sw
Yamaha PACIFICA 012 BL,31990.00 руб,3I056,В наличии,https://mirm.ru/catalog/products/yamaha_pacifica_012_bl
Fernandes LE-1Z 3S CAR/ L,19990.00 руб,75824,В наличии,https://mirm.ru/catalog/products/fernandes_le_1z_3s_car_l
Fernandes LE-1Z 3S 3SB/ L,19990.00 руб,75822,В наличии,https://mirm.ru/catalog/products/fernandes_le_1z_3s_3sb_l
